{"total": 237644179986.39163, "routes": {"1_1": {"demand": 2245729077.5641594, "load": 0.37}, "1_36": {"demand": 891446386.3899992, "load": 0.57}, "1_37": {"demand": 1144135902.4148517, "load": 0.6}, "1_38": {"demand": 734014150.5071034, "load": 0.36}, "1_389": {"demand": 501124544.68597203, "load": 0.38}, "1_39": {"demand": 1543325175.3600461, "load": 0.67}, "1_4": {"demand": 0.0, "load": null}, "1_40": {"demand": 1188190339.9189281, "load": 0.67}, "1_41": {"demand": 807239770.0946829, "load": 0.43}, "1_42": {"demand": 378743753.85590523, "load": 0.55}, "1_46": {"demand": 2118251204.7580197, "load": 0.5}, "1_466": {"demand": 446298388.35188, "load": 0.12}, "1_49": {"demand": 391619323.5123043, "load": 0.29}, "1_5": {"demand": 2085821387.5613081, "load": 0.41}, "1_51": {"demand": 1365488243.0026877, "load": 0.5}, "1_552": {"demand": 354016134.85148644, "load": 0.15}, "1_667": {"demand": 282876709.52589864, "load": 0.13}, "2_1": {"demand": 572641129.2103574, "load": 0.45}, "2_12": {"demand": 766022531.1102538, "load": 0.54}, "2_14": {"demand": 1379696626.6073887, "load": 1.19}, "2_15": {"demand": 2275260569.027241, "load": 1.11}, "2_16": {"demand": 1265565803.444509, "load": 1.34}, "2_21": {"demand": 345238280.71017337, "load": 0.37}, "2_23": {"demand": 809275984.5610157, "load": 0.64}, "2_25": {"demand": 673663705.9581832, "load": 0.54}, "2_26": {"demand": 338511947.35694325, "load": 0.36}, "2_27": {"demand": 2917368627.270852, "load": 1.52}, "2_28": {"demand": 699038134.9320383, "load": 0.79}, "2_29": {"demand": 1395936565.407088, "load": 1.38}, "2_3": {"demand": 2669310198.618087, "load": 2.32}, "2_30": {"demand": 1321015586.539416, "load": 1.14}, "2_31": {"demand": 3792517295.6376123, "load": 2.94}, "2_33": {"demand": 2348776062.710342, "load": 1.45}, "2_34": {"demand": 292734623.07687014, "load": 0.24}, "2_35": {"demand": 164723667.00827274, "load": 0.33}, "2_36": {"demand": 1625395770.3705447, "load": 1.62}, "2_38": {"demand": 600857158.9904618, "load": 0.52}, "2_40": {"demand": 437753015.6500068, "load": 0.29}, "2_41": {"demand": 689921964.6291603, "load": 0.85}, "2_43": {"demand": 2115672292.2695441, "load": 1.97}, "2_44": {"demand": 1702170279.436898, "load": 1.13}, "2_45": {"demand": 1940836715.1755824, "load": 1.04}, "2_46": {"demand": 1988034804.7009802, "load": 1.87}, "2_47": {"demand": 1399382173.3148882, "load": 1.57}, "2_50": {"demand": 207613757.16138685, "load": 0.32}, "2_51": {"demand": 0.0, "load": null}, "2_54": {"demand": 2031636587.540931, "load": 1.91}, "2_55": {"demand": 872839313.0143286, "load": 1.14}, "2_56": {"demand": 2201020932.6228023, "load": 2.32}, "2_58": {"demand": 2297888979.5748506, "load": 1.33}, "2_6": {"demand": 3083031767.6210656, "load": 2.05}, "2_675": {"demand": 149821408.44261557, "load": 0.31}, "2_676": {"demand": 1796012676.224012, "load": 1.85}, "2_695": {"demand": 2243869390.286658, "load": 1.67}, "2_696": {"demand": 778190522.167047, "load": 0.63}, "2_738": {"demand": 729501548.3300987, "load": 1.13}, "2_756": {"demand": 607332656.1508042, "load": 0.87}, "2_8": {"demand": 1588534165.497468, "load": 1.21}, "2_827": {"demand": 729545465.1547846, "load": 1.09}, "3_1": {"demand": 0.0, "load": null}, "3_100": {"demand": 194461418.92663833, "load": 0.31}, "3_101": {"demand": 182778657.53477898, "load": 0.93}, "3_105": {"demand": 1152637737.3599684, "load": 1.73}, "3_107": {"demand": 728842769.1666468, "load": 1.86}, "3_108": {"demand": 194638958.1051909, "load": 0.4}, "3_109": {"demand": 18116545.693747282, "load": 0.03}, "3_111": {"demand": 1036946116.080296, "load": 1.18}, "3_113": {"demand": 1491142244.4723816, "load": 1.77}, "3_115": {"demand": 2229611265.0251217, "load": 3.8}, "3_116": {"demand": 557535478.9277456, "load": 2.19}, "3_12": {"demand": 539372599.410687, "load": 1.04}, "3_120": {"demand": 275227755.4587807, "load": 0.72}, "3_124": {"demand": 679743413.0505105, "load": 0.93}, "3_127": {"demand": 1240489603.2901883, "load": 1.69}, "3_129": {"demand": 267358960.7861216, "load": 0.61}, "3_13": {"demand": 0.0, "load": null}, "3_133": {"demand": 493728473.1021682, "load": 0.97}, "3_135": {"demand": 765617372.1982938, "load": 1.0}, "3_14": {"demand": 966314484.603185, "load": 1.83}, "3_140": {"demand": 0.0, "load": null}, "3_142": {"demand": 50568703.36198055, "load": 0.16}, "3_15": {"demand": 412925918.4872358, "load": 0.46}, "3_150": {"demand": 520376889.7255425, "load": 1.77}, "3_151": {"demand": 133656925.33156869, "load": 0.31}, "3_161": {"demand": 104435457.36004905, "load": 0.13}, "3_166": {"demand": 298843417.60452616, "load": 0.64}, "3_170": {"demand": 266357501.19370416, "load": 0.66}, "3_171": {"demand": 822935152.2547363, "load": 1.75}, "3_172": {"demand": 380159625.8965734, "load": 0.61}, "3_177": {"demand": 231838652.3489565, "load": 0.35}, "3_178": {"demand": 388491678.22213894, "load": 0.78}, "3_179": {"demand": 419413438.2102747, "load": 0.69}, "3_18": {"demand": 1725283913.0891933, "load": 3.15}, "3_180": {"demand": 156257372.81403574, "load": 0.53}, "3_189": {"demand": 841027737.736809, "load": 0.37}, "3_20": {"demand": 619752968.4028411, "load": 1.22}, "3_21": {"demand": 398169885.48744756, "load": 1.2}, "3_25": {"demand": 216018298.0173531, "load": 0.46}, "3_281": {"demand": 1127958171.0640397, "load": 1.86}, "3_3": {"demand": 0.0, "load": null}, "3_304": {"demand": 354907306.6167312, "load": 0.67}, "3_309": {"demand": 1673400096.9976146, "load": 2.52}, "3_310": {"demand": 1017723298.6066382, "load": 1.39}, "3_34": {"demand": 409962064.0694104, "load": 0.45}, "3_36": {"demand": 618572960.8287325, "load": 1.51}, "3_377": {"demand": 47830256.902273774, "load": 0.81}, "3_385": {"demand": 3258983317.4837503, "load": 2.3}, "3_39": {"demand": 322336761.79989994, "load": 0.75}, "3_40": {"demand": 1229334478.8895195, "load": 1.5}, "3_408": {"demand": 375550762.6369289, "load": 0.91}, "3_420": {"demand": 796638652.650707, "load": 0.86}, "3_425": {"demand": 381758427.6555765, "load": 0.75}, "3_459": {"demand": 0.0, "load": null}, "3_460": {"demand": 164982171.72947064, "load": 0.22}, "3_49": {"demand": 663798816.0616502, "load": 0.72}, "3_51": {"demand": 3232265304.773282, "load": 2.6}, "3_52": {"demand": 663684600.8313206, "load": 1.3}, "3_533": {"demand": 784399711.090964, "load": 0.78}, "3_534": {"demand": 939704792.6178129, "load": 0.72}, "3_538": {"demand": 164504279.79822692, "load": 0.32}, "3_543": {"demand": 1153256138.0573618, "load": 2.18}, "3_572": {"demand": 564122470.9012169, "load": 0.84}, "3_59": {"demand": 1106631257.896206, "load": 1.89}, "3_6": {"demand": 604976870.9090323, "load": 0.71}, "3_60": {"demand": 41154216.35604959, "load": 0.08}, "3_608": {"demand": 1756685220.6025727, "load": 3.66}, "3_621": {"demand": 239939352.75185114, "load": 0.38}, "3_624": {"demand": 832033074.1013521, "load": 0.55}, "3_642": {"demand": 0.0, "load": null}, "3_643": {"demand": 1432322799.4925041, "load": 2.61}, "3_65": {"demand": 464059082.0677761, "load": 0.7}, "3_655": {"demand": 212520039.52610865, "load": 0.48}, "3_656": {"demand": 0.0, "load": null}, "3_663": {"demand": 219216266.46873617, "load": 0.35}, "3_67": {"demand": 474140565.57005435, "load": 0.78}, "3_68": {"demand": 527594386.5418729, "load": 1.0}, "3_69": {"demand": 103093116.28462477, "load": 0.16}, "3_71": {"demand": 133139435.31328733, "load": 0.21}, "3_719": {"demand": 332586576.41403985, "load": 0.53}, "3_72": {"demand": 171161090.6922198, "load": 0.41}, "3_73": {"demand": 663459722.078368, "load": 0.75}, "3_742": {"demand": 220131505.1727337, "load": 0.21}, "3_743": {"demand": 2335400832.929899, "load": 3.1}, "3_744": {"demand": 124434826.49660455, "load": 0.22}, "3_75": {"demand": 383605302.4500307, "load": 0.82}, "3_77": {"demand": 2157999792.0918136, "load": 2.48}, "3_8": {"demand": 557796470.599902, "load": 1.14}, "3_81": {"demand": 0.0, "load": null}, "3_86": {"demand": 187216086.67404884, "load": 0.48}, "3_87": {"demand": 743068937.9741334, "load": 1.01}, "3_89": {"demand": 330947558.5911559,